{
    "mon": {
        "0": {
            "src":  "https://planetabelarus.by/upload/resize_cache/iblock/75d/1330_887_18e21fe612b4afb807a26ecc22279a1d9/75d5c9317e92c2bd35f5157b822053fa.jpg",
            "title": "Марат Казей",
            "text": "Партызанскі атрад патрапіў у ачапленне карнікаў каля вёскі Румак. Падчас супрацівы герой гранатамі здолеў прарваць шэрагі суперніка і падаць сігнал дапамогі саюзнікам",
            "loc": [53.63003477482035, 27.227246211754892]
        },
        "1": {
            "src": "https://www.belarus.by/relimages/001574_392843.jpg",
            "title": "Стэла",
            "text": "Падчас бою за прыгарад Кёнігсберга Шарлотэнбург закідаў гранатамі тры кулямёты і асабіста знішчыў 38 салдат суперніка, быўшы параненым, не выйшаў з бою.",
            "loc": [53.9160918783907, 27.53812891361771]
        },
        "2": {
            "src": "https://planetabelarus.by/upload/resize_cache/iblock/899/1330_887_18e21fe612b4afb807a26ecc22279a1d9/899557526b10b5ed446e6f4b42300a74.jpg",
            "title": "Беларусь Партызанская",
            "text": "У гады гітлераўскай акупацыі на тэрыторыі Беларусі дзейнічала звыш 1200 партызанскіх атрадаў, у якіх змагаліся больш за 370 тысяч народных мсціўцаў.",
            "loc": [53.86406986311286, 27.668442300123296]
        },
        "3": {
            "src": "https://gorod-minsk.com/wp-content/uploads/2013/11/ploschad-pobedy-minsk.jpg",
            "title": "Манумент Перамогі",
            "text": "У 1954 г. у цэнтры плошчы быў усталяваны велічны помнік воінам Чырвонай Арміі і партызанам, якія загінулі ў гады Другой сусветнай вайны",
            "loc": [53.908772693210956, 27.575088227072786]
        },
        "4": {
            "src": "https://www.minsk-region.gov.by/upload/medialibrary/ed9/ed9fa59b6ebe68a6c80b025b5bd51307.jpg",
            "title": "Хатынь",
            "text": "На месцы былой вёскі (54 км ад Мінска) у памяць аб ахвярах фашызму на тэрыторыі Беларусі ўзведзены мемарыяльны комплекс `Хатынь`.",
            "loc": [54.33474377027513, 27.943692231248644]
        },
        "5": {
            "src": "https://pokoy.by/files/posts/27092021.jpg",
            "title": "Дальва",
            "text": "Мемарыяльны комплекс. 19 чэрвеня 1944 г. немцы спалілі яшчэ адну вёску разам з яе жыхарамі. Гэта была Дальва. ",
            "loc": [54.53576977806599, 27.887518571541523]
        },
        "6": {
            "src": "https://static.strada.by/2018/04/01/20170625-IMG_4101.jpg",
            "title": "Курган Славы",
            "text": "Манументальны `Курган Славы` заснаваны ў гонар вызвалення Беларусі ад нямецка-фашысцкіх захопнікаў.",
            "loc": [54.019050067150395, 27.898235317675834]
        },
        "7": {
            "src": "https://www.sb.by/upload/iblock/0c5/0c58f0f671429564403ad155762260b2.jpg",
            "title": "Лудчыцкая вышыня",
            "text": "У 1967 годзе пачалася закладка мемарыяла на вышыні 150,9 каля вёскі Лудчыцы. У 1969 годзе, да 25-й гадавіны вызвалення Быхаўшчыны было намечана ўстанавіць на Вышыні Герояў помнік славы воінам-вызваліцелям.",
            "loc": [53.4211012590684, 30.27473490034633]
        },
        "8": {
            "src": "https://vitebsk.staybook.by/assets/thumbnails/385x/bbb901e5e5b26f795cd675611bd07e90.jpg",
            "title": "Плошча Перамогі ў Віцебску",
            "text": "Мемарыял у гонар савецкіх воінаў і партызан Віцебшчыны, названы гараджанамі `Тры штыкі`, размешчаны на беразе ракі Дзвіны ў сэрцы горада. ",
            "loc": [55.183888468749885, 30.20474421388837]
        },
        "9": {
            "src": "https://www.caparol.by/caparol_pim_import/caparol_by/objects/items/100403_large_preview.jpg",
            "title": "Дзецям - ахвярам вайны",
            "text": "Цэнтрам манументальнай кампазіцыі з'яўляецца «Плошча Сонца», ад якой па ўсім яблыневым садзе разыходзяцца алеі ў выглядзе прамянёў.",
            "loc": [52.96319757645773, 29.776006498484307]
        },
        "10": {
            "src": "https://planetabelarus.by/upload/resize_cache/iblock/e28/1330_887_18e21fe612b4afb807a26ecc22279a1d9/e281827d3cc27d8698d1e4e5e22c5d85.jpg",
            "title": "ЯМА",
            "text": "У сакавіку 1942-га на працягу трох дзён у яры на ўскраіне гета, у якое немцы ператварылі Ракаўскае прадмесце Мінска, расстрэльвалі вялікія групы яго вязняў.",
            "loc": [53.90984027917152, 27.54275851200328]
        },
        "11": {
            "src": "http://st-roll.ru/wp-content/uploads/2015/07/DSC01176-1024x684.jpg",
            "title": "Дзед Талаш",
            "text": "Мемарыяльны комплекс. 19 чэрвеня 1944 г. немцы спалілі яшчэ адну вёску разам з яе жыхарамі. Гэта была Дальва. ",
            "loc": [53.915697932442974, 27.58260423065975]
        }
    },
    "mon_ru": {
        "0": {
            "src": "https://planetabelarus.by/upload/resize_cache/iblock/75d/1330_887_18e21fe612b4afb807a26ecc22279a1d9/75d5c9317e92c2bd35f5157b822053fa.jpg",
            "title": "Марат Казей",
            "text": "Партизанский отряд попал в оцепление карателей возле деревни Румок. В ходе сопротивления герой гранатами сумел прорвать ряды противника и подать сигнал помощи союзникам",
            "loc": [53.63003477482035, 27.227246211754892]
        },
        "1": {
            "src": "https://www.belarus.by/relimages/001574_392843.jpg",
            "title": "Стела",
            "text": "Во время боя за пригород Кёнигсберга Шарлоттенбург забросал гранатами три пулемета и лично уничтожил 38 солдат противника, будучи раненым, не вышел из боя.",
            "loc": [53.9160918783907, 27.53812891361771]
        },
        "2": {
            "src": "https://planetabelarus.by/upload/resize_cache/iblock/899/1330_887_18e21fe612b4afb807a26ecc22279a1d9/899557526b10b5ed446e6f4b42300a74.jpg",
            "title": "Беларусь Партизанская",
            "text": "В годы гитлеровской оккупации на территории Беларуси действовало свыше 1200 партизанских отрядов, в которых сражались более 370 тысяч народных мстителей.",
            "loc": [53.86406986311286, 27.668442300123296]
        },
        "3": {
            "src": "https://gorod-minsk.com/wp-content/uploads/2013/11/ploschad-pobedy-minsk.jpg",
            "title": "Монумент Победы",
            "text": "В 1954 г. в центре площади был установлен величественный памятник воинам Красной Армии и партизанам, погибшим в годы Второй мировой войны",
            "loc": [53.908772693210956, 27.575088227072786]
        },
        "4": {
            "src": "https://www.minsk-region.gov.by/upload/medialibrary/ed9/ed9fa59b6ebe68a6c80b025b5bd51307.jpg",
            "title": "Хатынь",
            "text": "На месте бывшей деревни (54 км от Минска) в память о жертвах фашизма на территории Беларуси возведен мемориальный комплекс «Хатынь».",
            "loc": [54.33474377027513, 27.943692231248644]
        },
        "5": {
            "src": "https://pokoy.by/files/posts/27092021.jpg",
            "title": "Дальва",
            "text": "Мемориальный комплекс.  19 июня 1944 немцы сожгли еще одну деревню вместе с ее жителями. Это была Дальва. ",
            "loc": [54.53576977806599, 27.887518571541523]
        },
        "6": {
            "src": "https://static.strada.by/2018/04/01/20170625-IMG_4101.jpg",
            "title": "Курган Славы",
            "text": "Монументальный `Курган Славы` основан в честь освобождения Беларуси от немецко-фашистских захватчиков. ",
            "loc": [54.019050067150395, 27.898235317675834]
        },
        "7": {
            "src": "https://www.sb.by/upload/iblock/0c5/0c58f0f671429564403ad155762260b2.jpg",
            "title": "Лудчицкая высота",
            "text": "В 1967 году началась закладка мемориала на высоте 150,9 около деревни Лудчицы. В 1969 году, к 25-й годовщине освобождения Быховщины было намечено установить на Высоте Героев памятник славы воинам-освободителям.",
            "loc": [53.4211012590684, 30.27473490034633]
        },
        "8": {
            "src": "https://vitebsk.staybook.by/assets/thumbnails/385x/bbb901e5e5b26f795cd675611bd07e90.jpg",
            "title": "Площадь Победы в Витебске",
            "text": "Мемориал в честь советских воинов и партизан Витебщины, именуемый горожанами `Три штыка`, расположен на берегу реки Двины в сердце города. ",
            "loc": [55.183888468749885, 30.20474421388837]
        },
        "9": {
            "src": "https://www.caparol.by/caparol_pim_import/caparol_by/objects/items/100403_large_preview.jpg",
            "title": "Детям – жертвам войны",
            "text": "Центром монументальной композиции является «Площадь Солнца», от которой по всему яблоневому саду расходятся аллеи в виде лучей.",
            "loc": [52.96319757645773, 29.776006498484307]
        },
        "10": {
            "src": "https://planetabelarus.by/upload/resize_cache/iblock/e28/1330_887_18e21fe612b4afb807a26ecc22279a1d9/e281827d3cc27d8698d1e4e5e22c5d85.jpg",
            "title": "ЯМА",
            "text": "В марте 1942-го в течение трех дней в овраге на окраине гетто, в которое немцы превратили Раковское предместье Минска, расстреливали большие группы его узников. ",
            "loc": [53.90984027917152, 27.54275851200328]
        },
        "11": {
            "src": "http://st-roll.ru/wp-content/uploads/2015/07/DSC01176-1024x684.jpg",
            "title": "Дед Талаш",
            "text": "Мемориальный комплекс.  19 июня 1944 немцы сожгли еще одну деревню вместе с ее жителями. Это была Дальва. ",
            "loc": [53.915697932442974, 27.58260423065975]
        }
    },


    
    "mus": {
        "0": {
            "src": "https://www.caparol.by/caparol_pim_import/caparol_by/objects/items/243125_large_preview.jpg",
            "title": "Ола",
            "text": "Пасля вайны вёска Ола не адрадзілася. У 1958 годзе на брацкай магіле, у якой пахаваны мірныя жыхары і савецкія воіны (усяго 2253 чалавекі), быў устаноўлены помнік — скульптура укленчанага салдата з вянком.",
            "loc": [52.683944828036, 29.648934123849482]
        },
        "1": {
            "src": "http://www.fotobel.by/images/pamyatniki-belarusi/memorial-katyusha_2-210x129.jpg",
            "title": "Кацюша",
            "text": "На беразе Дняпра ў Оршы ўзвышаецца манумент легендарнай зброі Перамогі – баявой машыне рэактыўнай артылерыі БМ-13, якую савецкія воіны назвалі `Кацюшай`.",
            "loc": [54.505656039095626, 30.43087224270506]
        }
    },
    "mus_ru": {
        "0": {
            "src": "https://www.caparol.by/caparol_pim_import/caparol_by/objects/items/243125_large_preview.jpg",
            "title": "Ола",
            "text": "После войны деревня Ола не возродилась. В 1958 году на братской могиле, в которой захоронены мирные жители и советские воины (всего 2253 человека), был установлен памятник — скульптура коленопреклоненного солдата с венком.",
            "loc": [52.683944828036, 29.648934123849482]
        },
        "1": {
            "src": "http://www.fotobel.by/images/pamyatniki-belarusi/memorial-katyusha_2-210x129.jpg",
            "title": "Катюша",
            "text": "На берегу Днепра в Орше возвышается монумент легендарному орудию Победы – боевой машине реактивной артиллерии БМ-13, которую советские воины назвали `Катюшей`.",
            "loc": [54.505656039095626, 30.43087224270506]
        }
    },
    "oth": {
        "0": {
            "src": "https://planetabelarus.by/upload/resize_cache/iblock/75d/1330_887_18e21fe612b4afb807a26ecc22279a1d9/75d5c9317e92c2bd35f5157b822053fa.jpg",
            "title": "22Марат Казей",
            "text": "Партизанский отряд попал в оцепление карателей возле деревни Румок. В ходе сопротивления герой гранатами сумел прорвать ряды противника и подать сигнал помощи союзникам",
            "loc": [53.63003477482035, 27.227246211754892]
        },
        "1": {
            "src": "https://www.belarus.by/relimages/001574_392843.jpg",
            "title": "11Стела",
            "text": "Во время боя за пригород Кёнигсберга Шарлоттенбург забросал гранатами три пулемета и лично уничтожил 38 солдат противника, будучи раненым, не вышел из боя.",
            "loc": [53.9160918783907, 27.53812891361771]
        },
        "2": {
            "src": "https://planetabelarus.by/upload/resize_cache/iblock/899/1330_887_18e21fe612b4afb807a26ecc22279a1d9/899557526b10b5ed446e6f4b42300a74.jpg",
            "title": "55Беларусь Партизанская",
            "text": "Памятник является частью конпозиции посвященной творчеству Якуба Коласа.",
            "loc": [53.86406986311286, 27.668442300123296]
        }
    }
}